{"Losses/Value": 0.31508244077364606, "episode": 2160, "_timestamp": 1664557235.1328733, "_runtime": 7712.22226023674, "_step": 863, "Losses/Policy Loss": -0.01745032356120646, "Losses/Value Loss": 0.17719678580760956, "Losses/Entropy": -2.6770519812901816, "Losses/Grad Norm": 0.8483911802371343, "Perf/Reward": 0.05229078729947408, "Perf/Returns": 0.45075515409310657, "Perf/Remain Budget": 0.0050365967154612145, "Perf/Success Rate": 1.0, "Perf/RMSE": 0.32569505886810524, "GP/Delta Cov Trace": 785.6671408838457, "GP/Cov Trace": 114.33162277057149, "_wandb": {"runtime": 7825}}